name,candidate_type,city,gugun,category,address,lat,lng,tel,closed_day,week_start,week_end,sat_start,sat_end,holiday_start,holiday_end,seat,books,publications,nonbook,loan_num,loan_day,organization,site_area,build_area,homepage,data_date,inst_code,inst_name
유엔평화기념관 작은도서관,도서관,부산광역시,남구,작은도서관,"부산광역시 남구 홍곡로320번길 106, (대연동) 유엔기념관 3층",35.12475247,129.0932269,-,월,10:00,17:00,10:00,17:00,10:00,17:00,29,1829,3,20,0,0,-,-,-,-,2022-06-09,3310000,-
작은나무 큰숲도서관,도서관,부산광역시,남구,작은도서관,부산광역시 남구 용호로159번길 10(용호동),35.11776708,129.1121662,051-627-1692,일+공휴일,13:00,18:00,13:00,18:00,0:00,0:00,8,2000,1,0,10,7,-,-,-,-,2022-06-09,3310000,-
작은나무숲,도서관,부산광역시,남구,작은도서관,부산광역시 남구 양지골로 141(감만동),35.11503961,129.086086,-,토+일+공휴일,14:00,19:00,0:00,0:00,0:00,0:00,25,10000,1,10,2,7,-,-,-,-,2022-06-09,3310000,-
문현마을문고,도서관,부산광역시,남구,작은도서관,부산광역시 남구 수영로39번길 35(문현동),35.13856777,129.0721879,051-642-1515,토+일+공휴일,9:00,18:00,0:00,0:00,0:00,0:00,20,1982,15,0,5,14,-,-,-,-,2022-06-09,3310000,-
부산광역시남구도서관,도서관,부산광역시,남구,공공도서관,부산광역시 남구 수영로 267번길 61(대연동),35.13769624,129.0945671,051-621-8160,월+국경일+정부지정공휴일,7:00,23:00,7:00,23:00,7:00,23:00,486,22203,248,9557,5,15,부산광역시 남구청,7033,1162,library.bsnamgu.go.kr,2022-06-09,3310000,-
부산시여성회관 작은도서관,도서관,부산광역시,남구,작은도서관,부산광역시 남구 수영로 356(대연동),35.13902794,129.1045618,051-610-2001,토+일+공휴일,10:00,18:00,0:00,0:00,0:00,0:00,6,5664,0,0,5,14,부산광역시여성회관,-,-,-,2022-06-09,3310000,-
북조아 작은 도서관,도서관,부산광역시,남구,작은도서관,부산광역시 남구 우암양달로89번길 28-3(우암동),35.12716159,129.0751982,051-647-3655,토+일+공휴일,9:00,18:00,0:00,0:00,0:00,0:00,30,6918,0,207,3,7,-,-,-,-,2022-06-09,3310000,-
브니엘 학습관 문고,도서관,부산광역시,남구,작은도서관,부산광역시 남구 천제등로28번길 50(대연동),35.13181232,129.0864876,051-624-5052,토+일+공휴일,10:30,20:00,0:00,0:00,0:00,0:00,10,1800,0,0,0,0,-,-,-,-,2022-06-09,3310000,-
산성교회문고,도서관,부산광역시,남구,작은도서관,부산광역시 남구 유엔로137번길 9(대연동),35.1306288,129.0911566,051-627-7028,목,9:30,16:30,9:30,13:00,16:30,18:00,56,3449,0,0,2,14,-,-,-,-,2022-06-09,3310000,-
샘터꿈의도서관,도서관,부산광역시,남구,작은도서관,부산광역시 남구 조각공원로27번길 12(대연동),35.1295489,129.1006546,051-628-6009,월+일+공휴일,14:00,18:00,14:00,18:00,0:00,0:00,30,16800,38,35,3,7,-,-,-,-,2022-06-09,3310000,-
동항작은도서관,도서관,부산광역시,남구,작은도서관,부산광역시 남구 우암로75번길 7(감만동),35.11731796,129.0802105,051-644-3881,연중무휴,9:00,21:00,9:00,21:00,9:00,21:00,30,2600,1,0,2,7,-,-,-,-,2022-06-09,3310000,-
들꽃이야기 작은도서관,도서관,부산광역시,남구,작은도서관,부산광역시 남구 수영로219번길 33(대연동),35.13667418,129.0902976,051-621-9577,토+일+공휴일,13:00,18:00,0:00,0:00,0:00,0:00,18,8850,11,30,2,15,-,-,-,-,2022-06-09,3310000,-
로뎀나무 아래 작은 도서관,도서관,부산광역시,남구,작은도서관,부산광역시 남구 고동골로97번길 87(문현동),35.14615697,129.0750529,051-636-2602,연중무휴,13:00,17:00,13:00,17:00,13:00,17:00,18,1100,0,0,0,0,-,-,-,-,2022-06-09,3310000,-
LG메트로작은쌈지도서관,도서관,부산광역시,남구,작은도서관,부산광역시 남구 신선로 566-2(용호동) 4층,35.1304025,129.1120832,051-612-2295,토+일+공휴일,10:00,17:00,0:00,0:00,0:00,0:00,38,19820,0,0,2,7,-,-,-,-,2022-06-09,3310000,-
감만꿈터,도서관,부산광역시,남구,작은도서관,부산광역시 남구 우암로 84-1(감만동) 감만사회복지관 5층,35.1184449,129.0813296,051-634-3415,일+공휴일,9:00,22:00,9:00,18:00,0:00,0:00,30,7089,10,0,3,7,-,-,-,-,2022-06-09,3310000,-
꿈샘작은도서관,도서관,부산광역시,남구,작은도서관,"부산광역시 남구 유엔로 1-1, 상가동 203호(우암동)",35.12561344,129.0786645,051-632-5165,토+일+공휴일,11:00,20:00,11:00,20:00,0:00,0:00,20,2500,1,0,0,0,-,-,-,-,2022-06-09,3310000,-
꿈이 자라는 작은도서관,도서관,부산광역시,남구,작은도서관,"부산광역시 남구 수영로 219번길 59(대연동, 대연교회 교육관) 2층, 대연지역아동센터",35.1377967,129.0901543,051-621-2904,토+일+공휴일,11:00,20:00,0:00,0:00,0:00,0:00,10,1573,0,0,0,0,-,-,-,-,2022-06-09,3310000,-
대동골문화센터작은도서관,도서관,부산광역시,남구,작은도서관,부산광역시 남구 황령대로319번가길 147(대연동),35.15240486,129.0889884,051-607-3380,월+공휴일,11:00,17:00,11:00,17:00,0:00,0:00,17,3457,16,0,2,15,부산광역시 남구청,-,-,-,2022-06-09,3310000,-
대천 작은도서관,도서관,부산광역시,남구,작은도서관,부산광역시 남구 유엔평화로47번길 125(대연동),35.13088792,129.0990991,051-627-5622,토+일+공휴일,9:00,18:00,0:00,0:00,0:00,0:00,20,860,0,0,1,14,-,-,-,-,2022-06-09,3310000,-
사상도서관,도서관,부산광역시,사상구,공공도서관,부산광역시 사상구 덕상로72번길 9(덕포동),35.1781087,128.9897885,051-310-7971,매주월요일+공휴일,9:00,22:00,9:00,18:00,0:00,0:00,330,153860,38,13254,5,14,부산광역시 사상구청,6634,3650.93,www.sasang.go.kr/library,2022-11-25,3390000,-
고맙습니다 보물섬 작은도서관,도서관,부산광역시,사상구,작은도서관,"부산광역시 사상구 모라로 110번길 129, 모라종합사회복지관 2층",35.18494335,128.9978757,051-304-9876,매주토요일+매주일요일+공휴일,9:00,18:00,0:00,0:00,0:00,0:00,70,12729,3,0,4,14,모라종합사회복지관,-,219,www.moraswc.or.kr,2022-11-25,3390000,-
꿈나래 작은도서관,도서관,부산광역시,사상구,작은도서관,"부산광역시 사상구 백양대로 527, 2층(주례동, 사상종합사회복지관)",35.15542866,128.9947835,051-314-8948,매주토요일+매주일요일+공휴일,9:00,18:00,0:00,0:00,0:00,0:00,12,6440,0,0,5,14,사상구종합사회복지관,-,113,www.swc.or.kr/,2022-11-25,3390000,-
다문화 도서관,도서관,부산광역시,사상구,작은도서관,"부산광역시 사상구 사상로 448(모라동), 부산은행 3층",35.1843921,128.9869074,051-304-4724,매주토요일+매주일요일+공휴일,9:00,18:00,0:00,0:00,0:00,0:00,28,3836,0,0,10,14,(사)이주민과함께,-,297,www.bfwc.or.kr,2022-11-25,3390000,-
모라1동 작은도서관,도서관,부산광역시,사상구,작은도서관,부산광역시 사상구 모라로 93 (모라1동 행정복지센터 2층),35.18700199,128.9898757,051-310-5242,매주토요일+매주일요일+공휴일,9:00,18:00,0:00,0:00,0:00,0:00,44,5897,0,0,3,14,모라1동 작은도서관 운영위원회,-,152,-,2022-11-25,3390000,-
부산광역시 여성문화회관 도서정보자료실,도서관,부산광역시,사상구,작은도서관,"부산광역시 사상구 학감대로 95, (학장동)",35.14008226,128.9898143,051-320-8341,매주토요일+매주일요일+공휴일,9:00,17:00,0:00,0:00,0:00,0:00,44,3428,8,211,3,14,부산광역시 여성문화회관,-,152,-,2022-11-25,3390000,-
사상 작은도서관,도서관,부산광역시,사상구,작은도서관,"부산광역시 사상구 새벽로168번길 61, (감전동)",35.1556229,128.9866946,051-310-3242,매주일요일+공휴일,9:00,21:00,9:00,18:00,0:00,0:00,16,15000,0,0,3,14,사상구청 평생교육과,-,84,www.sasang.go.kr/lll/index.sasang,2022-11-25,3390000,-
샘물 작은도서관,도서관,부산광역시,사상구,작은도서관,"부산광역시 사상구 엄궁북로4번길 32-10, (엄궁동)",35.12766315,128.9711234,051-322-0675,매주토요일+매주일요일+공휴일,10:00,17:00,0:00,0:00,0:00,0:00,20,3300,0,0,0,0,박미주,-,70,-,2022-11-25,3390000,-
어린이&amp;가족도서관 꿈꾸는 글나라,도서관,부산광역시,사상구,작은도서관,"부산광역시 사상구 낙동대로 704, 큐라이트빌딩 7층(엄궁동)",35.12462613,128.9670224,051-243-4843,매주월요일+매주일요일+공휴일,13:00,18:00,10:00,15:00,0:00,0:00,30,9674,0,121,2,7,(사)한국독서문화재단,-,261,www.gulnara.net,2022-11-25,3390000,-
주례쌈지작은도서관,도서관,부산광역시,사상구,작은도서관,"부산광역시 사상구 냉정로 10, (주례동)",35.1473492,129.0014194,051-310-3345,매주일요일+공휴일,9:00,18:00,10:30,13:30,0:00,0:00,30,14313,0,0,5,14,주례쌈지 작은도서관 운영위원회 백승렬,-,82,-,2022-11-25,3390000,-
주례1동 작은도서관,도서관,부산광역시,사상구,작은도서관,부산광역시 사상구 가야대로 255번길 17,35.15133904,129.0010985,051-310-3155,매주토요일+매주일요일+공휴일,9:00,18:00,0:00,0:00,0:00,0:00,8,1905,0,0,5,14,-,-,73,-,2022-11-25,3390000,-
부산기독교 종합사회복지관 강유두작은도서관,도서관,부산광역시,서구,작은도서관,"부산광역시 서구 까치고개로229번길 40, (토성동2가)",35.1015803,129.021149,051-257-9404,"매주토요일, 일요일, 국가지정공휴일",9:00,17:00,0:00,0:00,0:00,0:00,40,6322,0,0,5,7,사회복지법인 감리회 태화복지재단,-,146.64,-,2022-10-13,3260000,-
샤롯데 작은도서관,도서관,부산광역시,서구,작은도서관,"부산광역시 서구 대티로 161, (서대신동3가, 대신롯데캐슬)",35.11666873,129.010293,051-255-9008,"매주월요일, 국가지정공휴일",14:00,18:00,10:00,18:00,0:00,0:00,16,3423,0,0,2,7,대신롯데캐슬아파트입주자대표회의,-,56.44,-,2022-10-13,3260000,-
서구문화원작은도서관,도서관,부산광역시,서구,작은도서관,"부산광역시 서구 까치고개로197번길 46, (아미동2가)",35.101987,129.0175956,051-241-6001,"매주월요일, 일요일, 국가지정공휴일",9:00,18:00,10:00,17:00,0:00,0:00,31,9457,0,0,2,7,부산서구문화원,-,187.76,-,2022-10-13,3260000,-
송도바다 작은도서관,도서관,부산광역시,서구,작은도서관,부산광역시 서구 충무대로 83(암남동주민센터),35.079883,129.020955,051-240-6676,"매주일요일, 국가지정공휴일",9:00,18:00,9:00,18:00,0:00,0:00,34,6458,0,0,5,14,암남동주민센터,-,168,-,2022-10-13,3260000,-
송도제일교회문고,도서관,부산광역시,서구,작은도서관,부산광역시 서구 성산길 46,35.08132898,129.0128728,051-248-6071,"매주월요일, 화요일, 수요일, 목요일, 금요일, 토요일",0:00,0:00,0:00,0:00,9:00,17:00,45,5600,0,0,2,7,송도제일교회,-,150,-,2022-10-13,3260000,-
어울림 작은도서관,도서관,부산광역시,서구,작은도서관,부산광역시 서구 해돋이로 59,35.084636,129.019611,051-240-6624,"매주일요일, 국가지정공휴일",9:00,18:00,9:00,18:00,0:00,0:00,30,4068,0,0,5,14,남부민2동행정복지센터,-,98.97,-,2022-10-13,3260000,-
짬짬이 작은도서관,도서관,부산광역시,서구,작은도서관,부산광역시 서구 구덕로295번길 4(서대신골목시장 고객쉼터),35.110417,129.017322,051-240-6465,"매주일요일, 국가지정공휴일",9:00,18:00,9:30,13:30,0:00,0:00,20,3429,0,0,5,14,서대신1동행정복지센터,-,64.8,-,2022-10-13,3260000,-
초장동꿈터작은도서관,도서관,부산광역시,서구,작은도서관,부산광역시 서구 초장로27번길 32,35.095979,129.020279,051-240-6565,"매주일요일, 국가지정공휴일",9:00,18:00,10:00,17:00,0:00,0:00,24,5177,0,43,5,14,초장동주민센터,-,198,-,2022-10-13,3260000,-
한새마을 작은도서관,도서관,부산광역시,서구,작은도서관,"부산광역시 서구 대신로 27, (서대신동3가)",35.113473,129.011941,051-240-6482,"매주일요일, 국가지정공휴일",9:00,18:00,9:00,18:00,0:00,0:00,52,4562,0,0,5,14,서대신3동주민센터,-,106.04,-,2022-10-13,3260000,-
향기나는 작은도서관,도서관,부산광역시,서구,작은도서관,부산광역시 서구 구덕로280번길 32,35.109636,129.020208,051-240-6403,"매주일요일, 국가지정공휴일",9:00,18:00,10:00,17:00,0:00,0:00,18,4479,0,0,5,14,동대신1동주민센터,-,34.5,-,2022-10-13,3260000,-
꽃마루어린이작은도서관,도서관,부산광역시,서구,작은도서관,부산광역시 서구 꽃마을로 58,35.11925097,129.0117858,051-240-6517,"매주월요일, 국가지정공휴일",9:00,18:00,9:00,18:00,0:00,0:00,20,2570,0,0,5,14,서대신4동주민센터,-,102,-,2022-10-13,3260000,-
남일이네 작은도서관,도서관,부산광역시,서구,작은도서관,부산광역시 서구 천마로 176,35.09132144,129.0228985,051-240-6602,"매주일요일, 국가지정공휴일",9:00,18:00,9:00,18:00,0:00,0:00,32,5532,0,0,5,14,남부민1동행정복지센터,-,69.32,-,2022-10-13,3260000,-
대신푸르지오 푸른도서관,도서관,부산광역시,서구,작은도서관,부산광역시 서구 대영로38번길 11,35.107398,129.016132,051-257-8652,"매주화요일, 목요일, 금요일, 일요일",15:30,17:30,9:00,12:00,0:00,0:00,30,1170,0,0,2,7,대신푸르지오아파트입주자대표회의,-,149.13,-,2022-10-13,3260000,-
부산연탄은행 마르지 않는 샘,도서관,부산광역시,서구,작은도서관,부산광역시 서구 구덕로157번길 33-1,35.09870125,129.0180972,051-246-2464,"매주토요일, 일요일, 국가지정공휴일",9:00,18:00,0:00,0:00,0:00,0:00,14,4180,0,0,5,7,부산연탄은행,-,57.67,-,2022-10-13,3260000,-
작은여울 도서관,도서관,부산광역시,남구,작은도서관,부산광역시 남구 진남로232번길 51(문현동),35.1463895,129.077963,051-636-0086,토+일+공휴일,9:00,18:00,0:00,0:00,0:00,0:00,10,1300,2,1,5,7,-,-,-,-,2022-06-09,3310000,-
참사랑도서관,도서관,부산광역시,남구,작은도서관,부산광역시 남구 동명로101번길 81(용호동),35.12356623,129.1076523,070-7594-8906,토+일+공휴일,13:00,18:00,0:00,0:00,0:00,0:00,20,1060,0,0,0,0,-,-,-,-,2022-06-09,3310000,-
책나루작은도서관,도서관,부산광역시,남구,작은도서관,부산광역시 남구 용호로 189-1(용호동),35.11535686,129.1114723,051-611-0316,월,14:00,18:00,14:00,18:00,14:00,18:00,20,3139,3,550,3,7,-,-,-,-,2022-06-09,3310000,-
책나무그늘 작은도서관,도서관,부산광역시,남구,작은도서관,부산광역시 남구 용호로 38-17(용호동),35.12627622,129.106656,051-611-7923,일+공휴일,13:00,18:00,13:00,18:00,0:00,0:00,24,14122,1,60,4,7,-,-,-,-,2022-06-09,3310000,-
청소년쉼터도서관,도서관,부산광역시,남구,작은도서관,부산광역시 남구 우암로 50(감만동),35.11494928,129.0816969,051-645-8350,토+일+공휴일,12:00,18:00,0:00,0:00,0:00,0:00,30,7100,0,0,3,7,-,-,-,-,2022-06-09,3310000,-
캐슬리안북카페,도서관,부산광역시,남구,작은도서관,"부산광역시 남구 수영로 325번길61(대연동, 대연동 롯데캐슬아파트)",35.14093791,129.0999161,051-626-9531,연중무휴,10:00,22:00,10:00,22:00,10:00,22:00,6,1000,0,0,0,0,-,-,-,-,2022-06-09,3310000,-
행복한 작은도서관,도서관,부산광역시,남구,작은도서관,부산광역시 남구 양지골로169번길 56(감만동),35.11599005,129.0828025,051-636-0691,토+일+공휴일,13:00,20:00,0:00,0:00,0:00,0:00,8,2500,2,0,0,0,-,-,-,-,2022-06-09,3310000,-
샘터작은도서관,도서관,부산광역시,남구,작은도서관,부산광역시 남구 수영로 205-11(대연동),35.13547563,129.0887312,051-622-3130,토+일+공휴일,10:00,19:00,0:00,0:00,0:00,0:00,27,2500,0,0,3,7,-,-,-,-,2022-06-09,3310000,-
솔로몬 도서관,도서관,부산광역시,남구,작은도서관,부산광역시 남구 고동골로 5(문현동),35.13756377,129.070824,070-7596-7189,월,13:00,17:00,13:00,17:00,13:00,17:00,32,6500,2,0,3,7,-,-,-,-,2022-06-09,3310000,-
수피아,도서관,부산광역시,남구,작은도서관,"부산광역시 남구 장고개로85번길 14-37, 상가1층(문현동)",35.13205269,129.0684774,051-631-1949,일+공휴일,10:00,18:00,10:00,18:00,0:00,0:00,16,1035,2,0,0,0,-,-,-,-,2022-06-09,3310000,-
수학공방강장작은도서관,도서관,부산광역시,남구,작은도서관,부산광역시 남구 용호로42번길 95(용호동),35.12258875,129.1097593,051-626-3257,토+일+공휴일,13:00,18:00,0:00,0:00,0:00,0:00,12,1200,24,0,0,0,-,-,-,-,2022-06-09,3310000,-
용당꿈꾸는어린이도서관,도서관,부산광역시,남구,작은도서관,"부산광역시 남구 동명로 26, (용당동)",35.11885199,129.0995203,051-901-1409,월+화+목+토+일+공휴일,14:00,18:00,0:00,0:00,0:00,0:00,19,1200,0,0,0,0,-,-,-,-,2022-06-09,3310000,-
고맙습니다.글마루작은도서관,도서관,부산광역시,중구,작은도서관,부산광역시 중구 동영로 87-1,35.1127605,129.0316475,051-469-8451,월요일,10:00,20:00,10:00,20:00,10:00,20:00,50,12232,9,209,5,15,부산어깨동무,229.2,198.85,blog.naver.com/thanks_gmr,2022-10-24,3250000,-
보수동책방골목어린이도서관,도서관,부산광역시,중구,어린이도서관,부산광역시 중구 대청로 57-16,35.10337044,129.0262272,051-255-9141,월요일,10:00,20:00,10:00,20:00,10:00,20:00,40,11279,212,83,5,15,부산어깨동무,89.9,181.76,blog.naver.com/okelib,2022-10-24,3250000,-
??다작은도서관,도서관,부산광역시,중구,작은도서관,부산광역시 중구 대청로 61-2,35.10321832,129.026751,051-743-7650,월요일,10:00,18:00,10:00,18:00,10:00,18:00,50,6365,0,0,3,15,중구청,112.7,94.44,https://www.smalllibrary.org/library/detail/1047678,2022-10-24,3250000,-
책갈피작은도서관,도서관,부산광역시,중구,작은도서관,부산광역시 중구 보수대로 124번길 24-2,35.105783,129.022642,051-247-8425,월요일,10:00,20:00,10:00,18:00,10:00,18:00,24,12888,0,0,3,7,(재)내원청소년단,180.5,180.5,purun1318.org/,2022-10-24,3250000,-
산리작은도서관,도서관,부산광역시,중구,작은도서관,부산광역시 중구 영주로 21,35.10946964,129.0313921,051-462-5200,"토,일요일",9:00,18:00,0:00,0:00,0:00,0:00,12,3343,0,0,3,7,산리협동조합,53,53,-,2022-10-24,3250000,-
민들레작은도서관,도서관,부산광역시,중구,작은도서관,부산광역시 중구 흑교로 75번길 11-1,35.10533785,129.022609,051-245-4392,"월,화,목요일",14:00,18:00,14:00,18:00,0:00,0:00,50,46525,0,0,3,14,성광교회,247.5,247.5,-,2022-10-24,3250000,-
구정자료실작은도서관,도서관,부산광역시,중구,작은도서관,부산광역시 중구 중구로 120,35.10619853,129.032312,051-600-4615,"토,일요일",9:00,18:00,0:00,0:00,0:00,0:00,9,4768,0,80,2,5,중구청,53.8,53.8,-,2022-10-24,3250000,-
해운대인문학도서관,도서관,부산광역시,해운대구,공공도서관,부산광역시 해운대구 반여로 132,35.20222638,129.1263076,051-749-6580,매주 월요일 및 국가지정 공휴일,9:00,22:00,9:00,18:00,0:00,0:00,299,96965,94,2899,5,14,부산광역시 해운대구청,1384.8,2996.75,www.haeundae.go.kr/library,2022-06-07,3330000,-
반여도서관,도서관,부산광역시,해운대구,공공도서관,부산광역시 해운대구 재반로 282번길 38,35.20203016,129.1338093,051-783-4010,매주 월요일 및 국가지정 공휴일,9:00,22:00,9:00,18:00,0:00,0:00,162,96682,30,2517,5,14,부산광역시 해운대구청,992,890.58,www.haeundae.go.kr/library,2022-06-07,3330000,-
재송어린이도서관,도서관,부산광역시,해운대구,공공도서관,부산광역시 해운대구 해운대로76번길 35-1,35.18213816,129.1213963,051-749-7631,매주 월요일 및 국가지정 공휴일,9:00,18:00,9:00,18:00,0:00,0:00,219,129441,31,6698,5,14,부산광역시 해운대구청,636,1091.35,www.haeundae.go.kr/library,2022-06-07,3330000,-
작은인문학도서관,도서관,부산광역시,해운대구,작은도서관,부산광역시 해운대구 센텀중앙로 170,35.18963248,129.1184929,051-749-2922,매주 일·월요일 및 국가지정 공휴일,9:00,18:00,9:00,18:00,0:00,0:00,166,18592,16,0,5,14,부산광역시 해운대구청,138.65,138.65,www.haeundae.go.kr/library,2022-06-07,3330000,-
망미도서관,도서관,부산광역시,수영구,공공도서관,부산광역시 수영구 연수로 315번길 23,35.1734151,129.104916,051-610-4709,월+국가지정공휴일,9:00,22:00,9:00,18:00,9:00,9:00,110,83476,65,0,5,14,부산광역시 수영구청,-,-,www.suyeong.go.kr/library/index.suyeong,2022-06-08,3380000,-
수영구어린이도서관,도서관,부산광역시,수영구,공공도서관,부산광역시 수영구 장대골로 75-6,35.15974715,129.1049944,051-610-3891,월+국가지정공휴일,9:00,18:00,9:00,18:00,9:00,9:00,100,20477,19,0,5,14,부산광역시 수영구청,-,-,www.suyeong.go.kr/library/index.suyeong,2022-06-08,3380000,-
민락작은도서관,도서관,부산광역시,수영구,작은도서관,부산광역시 수영구 광안해변로295번길 20,35.15725991,129.1254341,051-610-6098,월+일+국가지정공휴일,9:00,18:00,9:00,18:00,9:00,9:00,0,16028,8,0,5,14,부산광역시 수영구청,-,-,www.suyeong.go.kr/library/index.suyeong,2022-06-08,3380000,-
수영구도서관,도서관,부산광역시,수영구,공공도서관,부산광역시 수영구 남천서로 33,35.14438692,129.105318,051-610-3993,월+국가지정공휴일,9:00,22:00,9:00,18:00,9:00,9:00,222,133909,65,8374,5,14,부산광역시 수영구청,-,-,www.suyeong.go.kr/library/index.suyeong,2022-06-08,3380000,-
부산대학교병원 작은(쌈지) 도서관,도서관,부산광역시,서구,작은도서관,부산광역시 서구 구덕로 179,35.101053,129.019223,051-240-7494,"매주토요일, 일요일, 국가지정공휴일",9:00,17:30,0:00,0:00,0:00,0:00,12,2500,0,0,2,7,부산대학교병원,-,55.2,-,2022-10-13,3260000,-
숲속어린이작은도서관,도서관,부산광역시,서구,작은도서관,부산광역시 서구 꽃마을로163번길 73,35.12612044,129.0044301,051-240-4168,"매주월요일, 국가지정공휴일",9:30,17:30,9:30,17:30,0:00,0:00,30,3700,0,0,5,14,부산광역시 서구청,-,239,-,2022-10-13,3260000,-
닥밭골 작은 도서관,도서관,부산광역시,서구,작은도서관,부산광역시 서구 보동길275번길 9,35.112963,129.023222,051-240-6424,"매주일요일, 국가지정공휴일",9:00,18:00,9:00,18:00,0:00,0:00,7,2519,0,0,5,14,동대신2동주민센터,-,45,-,2022-10-13,3260000,-
동서남-BOOK 작은도서관,도서관,부산광역시,서구,작은도서관,부산광역시 서구 해돋이로 288,35.101968,129.016602,051-256-0269,"매주토요일,  국가지정공휴일",10:00,18:00,0:00,0:00,9:00,12:00,25,6960,3,0,5,14,동서남-BOOK 작은도서관,-,80,-,2022-10-13,3260000,-
부민작은도서관,도서관,부산광역시,서구,작은도서관,부산광역시 서구 해돋이로 313,35.104366,129.016588,051-255-1606,"매주토요일, 일요일, 국가지정공휴일",14:00,18:00,0:00,0:00,0:00,0:00,30,10624,7,0,5,14,부산시구덕시립도서관,-,40.95,-,2022-10-13,3260000,-
휴포레작은도서관,도서관,부산광역시,강서구,작은도서관,부산광역시 강서구 명지국제5로 141,35.10753083,128.9211202,051-292-2846,토+일+공휴일,14:00,18:00,0:00,0:00,0:00,0:00,17,1818,0,0,5,14,명지협성휴포레아파트대표회의,125,125,-,2022-09-30,3360000,-
극동스타클래스작은도서관,도서관,부산광역시,강서구,작은도서관,부산광역시 강서구 명지오션시티2로 71,35.08395235,128.8999885,051-271-2142,월+일+공휴일,10:00,22:00,0:00,0:00,0:00,0:00,120,10745,0,0,3,10,극동스타클래스작은도서관,367,367,-,2022-09-30,3360000,-
링컨타운책벌레작은도서관,도서관,부산광역시,강서구,작은도서관,부산광역시 강서구 명지오션시티10로 16,35.08639247,128.8967866,051-271-7170,화+목+토+일+공휴일,13:00,17:00,0:00,0:00,0:00,0:00,22,5679,0,0,5,14,퀸덤1차 링컨타운아파트,121,121,-,2022-09-30,3360000,-
아인슈타인타운책벌레작은도서관,도서관,부산광역시,강서구,작은도서관,부산광역시 강서구 명지오션시티11로 51,35.08637338,128.8998473,051-271-7781,토+일+공휴일,13:00,17:00,0:00,0:00,0:00,0:00,36,2498,0,0,4,14,퀸덤1차 아이슈타인타운,129,129,-,2022-09-30,3360000,-
에디슨타운책벌레작은도서관,도서관,부산광역시,강서구,작은도서관,부산광역시 강서구 명지오션시티10로 17,35.08814982,128.8973624,051-271-0541,휴관,0:00,0:00,0:00,0:00,0:00,0:00,23,4183,0,0,5,14,퀸덤1차 에디슨타운,131,131,-,2022-09-30,3360000,-
책나무작은도서관,도서관,부산광역시,강서구,작은도서관,부산광역시 강서구 대저로63번길 31,35.21676104,128.9593384,051-972-4591,토+일+공휴일,9:00,18:00,0:00,0:00,0:00,0:00,12,3964,0,0,2,14,강서구종합사회복지관,45,45,-,2022-09-30,3360000,-
명지한신휴플러스작은도서관,도서관,부산광역시,강서구,작은도서관,부산광역시 강서구 명지오션시티1로 155(명지오션시티 한신휴플러스 109동),35.08081407,128.9011278,051-271-2750,화+목+토+일+공휴일,10:00,17:00,0:00,0:00,0:00,0:00,60,3666,0,0,5,14,명지한신휴플러스,332,332,-,2022-09-30,3360000,-
솔마레작은도서관,도서관,부산광역시,강서구,작은도서관,부산광역시 강서구 명지오션시티12로 10(엘크루솔마레 107동),35.08173983,128.8965973,051-271-3999,공휴일,9:00,18:00,9:00,18:00,0:00,0:00,107,1792,0,0,5,14,엘크루솔마레아파트,382,382,-,2022-09-30,3360000,-
에일린의뜰작은도서관,도서관,부산광역시,강서구,작은도서관,부산광역시 강서구 명지국제5로 60,35.10045574,128.920892,051-291-8855,연중무휴,5:00,23:00,5:00,23:00,5:00,23:00,28,1442,0,0,6,7,명지에일린의뜰,65,65,-,2022-09-30,3360000,-
금정도서관,도서관,부산광역시,금정구,공공도서관,부산광역시 금정구 금정도서관로 33(청룡동),35.27261359,129.096181,051-519-5601,매주 월요일 및 국가지정 공휴일,9:00,22:00,9:00,17:00,0:00,0:00,1168,249939,101,14057,5,14,부산광역시 금정구청(공립),8181,8466,library.geumjeong.go.kr,2022-11-22,3350000,-
금샘도서관,도서관,부산광역시,금정구,공공도서관,"부산광역시 금정구 기찰로94(부곡동), 금샘도서관",35.23915436,129.0939607,051-519-5900,매주 월요일 및 국가지정 공휴일,9:00,22:00,9:00,17:00,0:00,0:00,88,56210,68,571,5,14,부산광역시 금정구청(공립),3447,4787,https://www.geumjeong.go.kr/gslib/index.geumj,2022-11-22,3350000,-
만덕도서관,도서관,부산광역시,북구,공공도서관,부산광역시 북구 은행나무로 26 (만덕동),35.207233,129.037782,051-309-2097,매주 월요일 및 국가지정 공휴일,9:00,22:00,9:00,18:00,0:00,0:00,173,129196,67,12355,5,14,부산광역시 북구청,2300,3315,https://www.bsbukgu.go.kr/mdlib,2023-02-21,3320000,-
화명도서관,도서관,부산광역시,북구,공공도서관,부산광역시 북구 화명대로12번길 59(화명동),35.2321898,129.0093939,051-309-6481,매주 월요일 및 국가지정 공휴일,7:00,22:00,7:00,22:00,0:00,0:00,311,170471,82,4237,5,14,부산광역시 북구청,1983,3859,https://www.bsbukgu.go.kr/hmlib,2023-02-21,3320000,-
금곡도서관,도서관,부산광역시,북구,공공도서관,부산광역시 북구 효열로203번길 34(금곡동),35.26323389,129.0167168,051-309-6181,매주 월요일 및 국가지정 공휴일,7:00,22:00,7:00,22:00,0:00,0:00,97,68599,57,680,5,14,부산광역시 북구청,532,1772,https://www.bsbukgu.go.kr/bglib,2023-02-21,3320000,-
상학도서관,도서관,부산광역시,북구,공공도서관,부산광역시 북구 상학산복길 215,35.21714577,129.0402148,501-309-6177,매주 월요일 및 국가지정 공휴일,9:00,18:00,9:00,18:00,0:00,0:00,36,8027,9,0,5,14,부산광역시 북구청,199,231,https://www.bsbukgu.go.kr/shlib,2023-02-21,3320000,-
솔밭도서관,도서관,부산광역시,북구,공공도서관,부산광역시 북구 금곡대로324번길 29,35.23726524,129.0157741,051-309-6178,매주 월요일 및 국가지정 공휴일,9:00,18:00,9:00,18:00,0:00,0:00,43,8905,9,0,5,14,부산광역시 북구청,353,187,https://www.bsbukgu.go.kr/sblib,2023-02-21,3320000,-
중흥에듀오션작은도서관,도서관,부산광역시,강서구,작은도서관,부산광역시 강서구 명지국제5로 90,35.10125678,128.9208558,051-201-5923,연중무휴,9:00,18:00,9:00,18:00,9:00,18:00,15,1830,0,0,5,14,중흥S클래스에듀오션,46.2,46.2,-,2022-09-30,3360000,-
협성숲속의작은도서관,도서관,부산광역시,강서구,작은도서관,부산광역시 강서구 과학산단로306번길 10,35.14966149,128.8368221,051-941-2725,월+공휴일,9:00,22:00,9:00,22:00,0:00,0:00,24,1500,0,0,0,0,협성DS엘리시안아파트입주자대표회의,120.135,120.135,-,2022-09-30,3360000,-
금강3차작은도서관,도서관,부산광역시,강서구,작은도서관,부산광역시 강서구 명지국제5로 110,35.10407852,128.9214448,051-201-4521,월+일+공휴일,9:00,18:00,0:00,0:00,0:00,0:00,23,1645,0,0,5,14,금강3차작은도서관입주자대표회의,110.3779,110.3779,-,2022-09-30,3360000,-
더에듀팰리스부영작은도서관,도서관,부산광역시,강서구,작은도서관,부산광역시 강서구 명지국제7로 110,35.09593055,128.9130868,051-271-3577,월+일+공휴일,10:00,18:00,0:00,0:00,0:00,0:00,40,5100,0,0,5,14,더에듀팰리스부영아파트입주자대표회의,125.26,125.26,-,2022-09-30,3360000,-
꿈마루작은도서관,도서관,부산광역시,강서구,작은도서관,부산광역시 강서구 공항진입로42번길 20,35.18564636,128.9497025,051-979-2131,"월요일, 일요일, 공휴일",10:00,19:00,10:00,19:00,0:00,0:00,18,3487,0,0,5,14,공군제5공중기동비행단,152,152,-,2022-09-30,3360000,-
도란도란작은도서관,도서관,부산광역시,강서구,작은도서관,부산광역시 강서구 명지국제5로 165,35.10998668,128.92137,051-201-0062,월+일+공휴일,13:00,18:00,0:00,0:00,0:00,0:00,36,3400,0,0,5,14,명지스위트팰리스,200.46,200.46,-,2022-09-30,3360000,-
하라라작은도서관,도서관,부산광역시,강서구,작은도서관,부산광역시 강서구 범방5로 75(2층),35.15806959,128.8861074,051-000-0000,일,9:00,18:00,9:00,18:00,9:00,18:00,10,1000,0,0,0,0,하라라작은도서관,42.88,42.88,-,2022-09-30,3360000,-
클래시안작은도서관,도서관,부산광역시,강서구,작은도서관,부산광역시 강서구 명지국제13로 38번길 11,35.10987329,128.9236719,051-292-0573,일+공휴일,14:00,17:00,10:00,17:00,0:00,0:00,30,1010,0,0,0,0,명지중흥S-클래스 더 테라스,539.969,539.969,-,2022-09-30,3360000,-
지사자원봉사캠프작은도서관,도서관,부산광역시,강서구,작은도서관,부산광역시 강서구 과학산단2로 20번길 35,35.15101859,128.8357342,051-832-5121,월+일+공휴일,9:00,18:00,0:00,0:00,0:00,0:00,30,1300,0,0,0,0,부산지사휴먼시아관리사무소,156.86,156.86,-,2022-09-30,3360000,-
명지호반베르디움2차작은도서관,도서관,부산광역시,강서구,작은도서관,부산광역시 강서구 명지국제5로 89,35.10236823,128.9202028,051-271-2766,월+일+공휴일,10:00,17:00,0:00,0:00,0:00,0:00,39,3000,0,0,5,10,명지호반베르디움2차입주자대표회의,296.3343,296.3343,-,2022-09-30,3360000,-
동행작은도서관,도서관,부산광역시,강서구,작은도서관,부산광역시 강서구 명지국제6로 288,35.10098091,128.9242407,051-204-1191,월+공휴일,12:00,18:00,12:00,18:00,0:00,0:00,32,2000,0,0,0,0,동행교회,927,150,-,2022-09-30,3360000,-
지사꿈꾸는작은도서관,도서관,부산광역시,강서구,작은도서관,부산광역시 강서구 과학산단2로 20번길 69,35.15089393,128.8389873,051-941-1184,토+일+공휴일,9:00,18:00,0:00,0:00,0:00,0:00,13,6930,0,0,5,7,지사꿈꾸는 작은도서관 운영위원회,77,77,-,2022-09-30,3360000,-
대방2차Book적Book적작은도서관,도서관,부산광역시,강서구,작은도서관,부산광역시 강서구 명지국제5로 11,35.09532965,128.9191736,051-294-8705,토+일+공휴일,12:00,18:00,0:00,0:00,0:00,0:00,62,8080,0,0,5,7,명지대방노블랜드 오션뷰2차,141,141,-,2022-09-30,3360000,-
소담북카페,도서관,부산광역시,강서구,작은도서관,부산광역시 강서구 명지국제8로 289,35.09792767,128.9244672,051-203-0199,월+공휴일,11:00,19:00,11:00,19:00,0:00,0:00,30,2700,0,0,5,14,동일교회,77,77,-,2022-09-30,3360000,-
호반베르디움작은도서관,도서관,부산광역시,강서구,작은도서관,부산광역시 강서구 명지국제5로 29,35.09611405,128.9178981,051-271-8826,연중무휴,6:00,20:00,6:00,20:00,6:00,20:00,8,2268,0,0,0,0,관리사무소,285,285,-,2022-09-30,3360000,-
부산진구어린이청소년도서관,도서관,부산광역시,부산진구,공공도서관,부산광역시 부산진구 백양순환로110번길 25,35.1690132,129.0396629,051-605-5801,매주 월요일+국가지정공휴일,9:00,22:00,9:00,22:00,0:00,0:00,173,63056,35,352,5,14,부산광역시 부산진구청,-,795.89,https://www.busanjin.go.kr/cylib/index.busanjin?cpath=close,2022-11-22,3290000,-
연지동작은도서관,도서관,부산광역시,부산진구,작은도서관,부산광역시 부산진구 국악로 30,35.1727752,129.0528545,051-605-6579,매주 토요일+매주 일요일+국가지정공휴일,10:00,18:00,0:00,0:00,0:00,0:00,10,9992,0,0,5,14,부산광역시 부산진구청,-,115.93,-,2022-11-22,3290000,-
양정1동작은도서관,도서관,부산광역시,부산진구,작은도서관,부산광역시 부산진구 동평로406번길 38,35.1721368,129.0687365,051-605-5861,매주 토요일+매주 일요일+국가지정공휴일,9:00,18:00,0:00,0:00,0:00,0:00,32,10881,0,0,5,14,부산광역시 부산진구청,-,122.51,-,2022-11-22,3290000,-
가야감고개공원작은도서관,도서관,부산광역시,부산진구,작은도서관,부산광역시 부산진구 가야대로548번길 109,35.148458,129.0334814,070-4139-2580,매주 월요일+매주 일요일+국가지정공휴일,9:00,17:00,9:00,17:00,0:00,0:00,10,1672,0,0,5,14,부산광역시 부산진구청,-,85.14,-,2022-11-22,3290000,-
강서도서관,도서관,부산광역시,강서구,공공도서관,부산광역시 강서구 공항로811번길 10(강서브라이트센터 3층),35.18023515,128.9572977,051-970-4067,월+공휴일,9:00,18:00,9:00,17:00,0:00,0:00,306,121348,57,10939,5,14,부산광역시 강서구청,7471,3418,https://library.bsgangseo.go.kr/gslib/,2022-09-30,3360000,-
강서기적의도서관,도서관,부산광역시,강서구,어린이도서관,"부산광역시 강서구 명지오션시티10로 80(명지동, 강서기적의도서관)",35.08616321,128.904741,051-970-2317,월+공휴일,9:00,18:00,9:00,17:00,0:00,0:00,247,49894,59,0,5,14,부산광역시 강서구청,2438,1289.18,https://library.bsgangseo.go.kr/gmlib/,2022-09-30,3360000,-
지사도서관,도서관,부산광역시,강서구,공공도서관,부산광역시 강서구 과학산단2로20번길 5(지사문화회관 3층),35.15093108,128.8312888,051-970-2777,월+공휴일,9:00,18:00,9:00,17:00,0:00,0:00,30,13352,0,0,5,14,부산광역시 강서구청,682.86,682.86,https://library.bsgangseo.go.kr/jslib/,2022-09-30,3360000,-
명지2차금강작은도서관,도서관,부산광역시,강서구,작은도서관,부산광역시 강서구 명지국제5로 109,35.10421503,128.9191938,051-207-0401,휴관,0:00,0:00,0:00,0:00,0:00,0:00,50,1440,0,0,0,0,명지2차금강펜테리움센트럴파크아파트,51,51,-,2022-09-30,3360000,-
명지두산작은도서관,도서관,부산광역시,강서구,작은도서관,부산광역시 강서구 명지오션시티11로 22,35.08399984,128.8967369,051-271-3787,토+일+공휴일,9:00,23:00,0:00,0:00,0:00,0:00,40,2358,0,0,5,14,명지두산위브포세이돈아파트입주자대표회의,44.7,44.7,-,2022-09-30,3360000,-
기장디지털도서관,도서관,부산광역시,기장군,공공도서관,부산광역시 기장군 기장읍 기장대로560,35.24348158,129.222956,051-709-5071,국가공휴일,9:00,22:00,9:00,18:00,0:00,0:00,103,19566,24,1127,5,14,부산광역시 기장군청,409.5,409.5,library.gijang.go.kr/dlib/main.do,2022-05-28,3400000,-
대라다목적도서관,도서관,부산광역시,기장군,공공도서관,부산광역시 기장군 기장읍 차성서로86,35.24079915,129.2105922,051-709-3961,"매월 두번째, 네번째 화요일, 국가공휴일",9:00,22:00,9:00,18:00,0:00,0:00,265,42548,31,0,5,14,부산광역시 기장군청,668,982.79,library.gijang.go.kr/daera/main.do,2022-05-28,3400000,-
교리도서관,도서관,부산광역시,기장군,공공도서관,부산광역시 기장군 기장읍 차성로417번길 11,35.25512522,129.2151737,051-709-5375,"매주 월요일 , 국가공휴일",9:00,22:00,9:00,18:00,0:00,0:00,160,10763,18,0,5,14,부산광역시 기장군청,5714,1045.92,https://library.gijang.go.kr/gyori/main.do,2022-05-28,3400000,-
양정2동작은도서관,도서관,부산광역시,부산진구,작은도서관,부산광역시 부산진구 양정로15번길 26,35.1728816,129.0757379,051-605-6627,매주 토요일+매주 일요일+국가지정공휴일,9:00,18:00,0:00,0:00,0:00,0:00,32,7347,0,0,5,14,부산광역시 부산진구청,-,113.5,-,2022-11-22,3290000,-
부암1동책마루작은도서관,도서관,부산광역시,부산진구,작은도서관,부산광역시 부산진구 신천대로241번길 41,35.1632732,129.0485629,051-605-6719,매주 토요일+매주 일요일+국가지정공휴일,9:00,18:00,0:00,0:00,0:00,0:00,40,6689,0,0,5,14,부산광역시 부산진구청,-,92.86,-,2022-11-22,3290000,-
당감1동작은도서관,도서관,부산광역시,부산진구,작은도서관,부산광역시 부산진구 동평로44번길 49-6,35.1644448,129.0356839,051-605-6758,매주 토요일+매주 일요일+국가지정공휴일,9:00,18:00,0:00,0:00,0:00,0:00,50,7166,0,0,5,14,부산광역시 부산진구청,-,185.18,-,2022-11-22,3290000,-
당감4동사랑방마실작은도서관,도서관,부산광역시,부산진구,작은도서관,부산광역시 부산진구 당감서로100번길 100,35.1717751,129.0323825,051-914-6801,매주 토요일+매주 일요일+국가지정공휴일,9:00,18:00,0:00,0:00,0:00,0:00,25,6688,0,0,5,14,부산광역시 부산진구청,-,92.2,-,2022-11-22,3290000,-
개금2동행복마을작은도서관,도서관,부산광역시,부산진구,작은도서관,부산광역시 부산진구 진사로 83번길 21,35.1442073,129.017198,051-924-0255,매주 토요일+매주 일요일+국가지정공휴일,9:00,18:00,0:00,0:00,0:00,0:00,20,6346,0,0,5,14,부산광역시 부산진구청,-,84.42,-,2022-11-22,3290000,-
범천2동작은도서관,도서관,부산광역시,부산진구,작은도서관,부산광역시 부산진구 신암로 48,35.1465101,129.0562321,051-605-6971,매주 토요일+매주 일요일+국가지정공휴일,9:00,18:00,0:00,0:00,0:00,0:00,42,11140,0,0,5,14,부산광역시 부산진구청,-,145.5,-,2022-11-22,3290000,-
안락누리도서관,도서관,부산광역시,동래구,공공도서관,부산광역시 동래구 명안로 10번길 64 (안락동),35.19698358,129.107726,051-550-6911,매주 월요일+국가지정공휴일,7:00,22:00,7:00,22:00,0:00,0:00,186,55722,49,0,5,14,부산광역시 동래구청,524.6,993.41,lib.dongnae.go.kr/allak,2022-11-23,3300000,-
동구도서관,도서관,부산광역시,동구,공공도서관,부산광역시 동구 성북로 36번길 54,35.138064,129.052451,051-440-6411,"월요일, 국경일, 국가지정공휴일",9:00,22:00,9:00,22:00,0:00,0:00,272,118989,45,4724,5,14,부산광역시 동구,15343,2462,www.bsdonggu.go.kr/library,2022-12-07,3270000,-
동구어린이영어도서관,도서관,부산광역시,동구,공공도서관,부산광역시 동구 수성로 21,35.13462651,129.0419717,051-440-6471,"월요일, 국경일, 국가지정공휴일",9:00,18:00,9:00,18:00,0:00,0:00,90,36866,30,1823,5,14,부산광역시 동구,1426,843,www.bsdonggu.go.kr/kidseng,2022-12-07,3270000,-
고촌어울림도서관,도서관,부산광역시,기장군,공공도서관,부산광역시 기장군 철마면 고촌로51,35.23872961,129.1686978,051-709-5381,"매주 월요일 , 국가공휴일",9:00,22:00,9:00,18:00,0:00,0:00,194,17840,30,0,5,14,부산광역시 기장군청,700,710.9,https://library.gijang.go.kr/gochon/main.do,2022-05-28,3400000,-
내리새라도서관,도서관,부산광역시,기장군,공공도서관,부산광역시 기장군 기장읍 기장대로51,35.20182015,129.2061857,051-709-3967,"매주 월요일 , 국가공휴일",9:00,22:00,9:00,18:00,0:00,0:00,183,17231,28,0,5,14,부산광역시 기장군청,1000,714.01,https://library.gijang.go.kr/naeri/main.do,2022-05-28,3400000,-
기장도서관,도서관,부산광역시,기장군,공공도서관,부산광역시 기장군 기장읍 차성동로126번길 13-5,35.24968318,129.2173047,051-709-5351,"매주 월요일 , 국가공휴일",7:00,23:59,7:00,23:59,0:00,0:00,524,185787,68,8276,5,14,부산광역시 기장군청,3370,2513.75,library.gijang.go.kr/gijang/main.do,2022-05-28,3400000,-
정관도서관,도서관,부산광역시,기장군,공공도서관,부산광역시 기장군 정관읍 정관중앙로100,35.32529082,129.1817313,051-709-3901,"연중무휴(신정, 명절연휴, 매월 둘째 월요일)",7:00,23:59,7:00,23:59,7:00,23:59,977,198740,81,7017,5,14,부산광역시 기장군청,8000,7371.33,library.gijang.go.kr/jglib/main.do,2022-05-28,3400000,-
정관어린이도서관,도서관,부산광역시,기장군,공공도서관,부산광역시 기장군 정관읍 정관8로 11,35.32389937,129.177611,051-709-5386,"매월 두번째, 네번째 화요일 휴관, 국가공휴일",9:00,22:00,9:00,18:00,0:00,0:00,136,43420,35,1431,5,14,부산광역시 기장군청,22770.2,827.95,library.gijang.go.kr/jgchildlib/main.do,2022-05-28,3400000,-
풀잎 작은도서관,도서관,부산광역시,영도구,작은도서관,부산광역시 영도구 영선대로65(영선동3가),35.08709058,129.041325,051-419-5541,토+일+공휴일,9:00,18:00,0:00,0:00,0:00,0:00,42,9547,0,0,5,14,영선2동주민센터,-,130.7,-,2023-03-22,3280000,-
한울마당 작은도서관,도서관,부산광역시,영도구,작은도서관,부산광역시 영도구 와치로161번길 37(동삼동),35.0811911,129.0654486,051-419-5781,토+일+공휴일,9:00,17:00,0:00,0:00,0:00,0:00,30,7899,0,0,5,14,동삼3동주민센터,-,157.31,-,2023-03-22,3280000,-
남항 작은도서관,도서관,부산광역시,영도구,작은도서관,부산광역시 영도구 절영로 71(남항동2가),35.08855518,129.0390498,051-419-5677,토+일+공휴일,9:00,18:00,0:00,0:00,0:00,0:00,32,10816,0,0,5,14,남항동주민센터,-,123.4,-,2023-03-22,3280000,-
어울림마당 작은도서관,도서관,부산광역시,영도구,작은도서관,부산광역시 영도구 청학남로13번길 18(청학동),35.09075245,129.0594969,051-419-5711,토+일+공휴일,9:00,17:00,0:00,0:00,0:00,0:00,24,5457,0,0,5,14,청학2동주민센터,-,108.98,-,2023-03-22,3280000,-
해돋이 작은도서관,도서관,부산광역시,영도구,작은도서관,부산광역시 영도구 봉래길 372(청학동),35.0911179,129.0567269,051-419-5682,토+일+공휴일,9:00,17:30,0:00,0:00,0:00,0:00,20,2215,0,0,5,14,청학1동주민센터,-,72.1,-,2023-03-22,3280000,-
영선나릿 작은도서관,도서관,부산광역시,영도구,작은도서관,부산광역시 영도구 꿈나무길 25(영선동1가),35.09024437,129.0447328,051-419-5528,토+일+공휴일,9:00,18:00,0:00,0:00,0:00,0:00,20,6384,0,0,5,14,영선1동주민센터,-,78.67,-,2023-03-22,3280000,-
동래읍성도서관,도서관,부산광역시,동래구,공공도서관,부산광역시 동래구 동래로159번길153 (칠산동),35.20716823,129.0947605,051-550-6901,매주 월요일+국가지정공휴일,7:00,22:00,7:00,22:00,0:00,0:00,196,56773,47,1180,5,14,부산광역시 동래구청,1022,956.38,lib.dongnae.go.kr/dongnae,2022-11-23,3300000,-
홀리조이 작은도서관,도서관,부산광역시,영도구,작은도서관,부산광역시 영도구 대교로50 (봉래동1가) 2층,35.0949674,129.0401082,051-415-4006,토+일+공휴일,9:00,18:00,0:00,0:00,0:00,0:00,8,3000,0,0,5,14,대한예수교장로회 땅끝교회,-,58.21,-,2023-03-22,3280000,-
은혜 작은도서관,도서관,부산광역시,영도구,작은도서관,부산광역시 영도구 봉래쉼터길 37(봉래동5가),35.09435105,129.0527456,051-412-4466,토+일+공휴일,9:00,18:00,0:00,0:00,0:00,0:00,50,3000,0,0,5,14,제4영도교회,-,174.72,-,2023-03-22,3280000,-
절영 작은도서관,도서관,부산광역시,영도구,작은도서관,부산광역시 영도구 절영로 209 (영선동4가),35.0790956,129.0451508,051-921-4451,휴관중,9:00,0:00,0:00,0:00,0:00,0:00,30,1130,0,0,5,14,손순영,-,86.48,-,2023-03-22,3280000,-
다문화 작은도서관 모두,도서관,부산광역시,영도구,작은도서관,부산광역시 영도구 태종로422번길 21(청학동) 2층,35.08927084,129.0670963,051-412-0511,월+공휴일,9:00,18:00,10:00,18:00,0:00,0:00,26,6000,0,0,5,14,동삼사회복지관,-,138,-,2023-03-22,3280000,-
리빙스턴 작은도서관,도서관,부산광역시,영도구,작은도서관,부산광역시 영도구 남항로10번길 15(남항동2가),35.08898767,129.0375213,051-413-1101,토+일+공휴일,9:00,18:00,0:00,0:00,0:00,0:00,18,1255,0,0,5,14,제3영도교회,-,71.28,-,2023-03-22,3280000,-
영도도서관,도서관,부산광역시,영도구,공공도서관,부산광역시 영도구 함지로79번길6(동삼동),35.07526538,129.066859,051-419-4821,월+공휴일,9:00,18:00,9:00,18:00,0:00,0:00,254,184682,55,9397,5,14,부산광역시 영도구청,2985.43,2128,www.yeongdo.go.kr/library.web,2023-03-22,3280000,-
찬새미 작은도서관,도서관,부산광역시,영도구,작은도서관,부산광역시 영도구 하나길 733(봉래동5가),35.0938222,129.0527128,051-417-5982,토+일+공휴일,9:00,17:00,0:00,0:00,0:00,0:00,12,4533,0,0,5,14,봉래2동주민센터,-,85.68,-,2023-03-22,3280000,-
영도구청 도서자료관,도서관,부산광역시,영도구,작은도서관,부산광역시 영도구 태종로 423(청학동),35.09121745,129.0679105,051-419-4262,토+일+공휴일,9:00,18:00,0:00,0:00,0:00,0:00,20,10208,0,428,5,14,영도구청,-,117.68,-,2023-03-22,3280000,-
도래샘 작은도서관,도서관,부산광역시,영도구,작은도서관,부산광역시 영도구 중복길 458(신선동1가),35.08875384,129.0482886,051-419-5607,토+일+공휴일,9:00,18:00,0:00,0:00,0:00,0:00,20,1100,0,0,5,14,신선동주민센터,-,50.66,-,2023-03-22,3280000,-
동일 작은도서관,도서관,부산광역시,영도구,작은도서관,부산광역시 영도구 함지로19(동삼동) A상가 4층,35.07180289,129.0603581,051-403-4340,공휴일,9:00,20:00,0:00,20:00,0:00,0:00,50,8000,0,0,5,14,동일교회,-,107.81,-,2023-03-22,3280000,-
꿈나무 작은도서관,도서관,부산광역시,영도구,작은도서관,부산광역시 영도구 한사랑길63(영선동1가),35.0897278,129.0440196,051-415-6351,휴관중,0:00,0:00,0:00,0:00,0:00,0:00,60,1500,0,0,5,14,우리교회,-,63.63,-,2023-03-22,3280000,-
영도도서관 남항분관,도서관,부산광역시,영도구,공공도서관,부산광역시 영도구 절영로71(남항동2가),35.08855518,129.0390498,051-419-5673,월+공휴일,9:00,18:00,9:00,18:00,0:00,0:00,50,41261,8,2267,5,14,부산광역시 영도구청,2009.5,1192,www.yeongdo.go.kr/library/01351/01981.web,2023-03-22,3280000,-
아랫서발작은도서관,도서관,부산광역시,영도구,작은도서관,부산광역시 영도구 동삼오션로27,35.068449,129.083185,051-412-7040,토+일+공휴일,9:00,18:00,0:00,0:00,0:00,0:00,0,3000,2,0,5,14,동삼2동주민센터,-,129,-,2023-03-22,3280000,-
담쟁이 작은도서관,도서관,부산광역시,영도구,작은도서관,부산광역시 영도구 대교로6번길 5(봉래동3가),35.09350456,129.0443849,051-419-5624,토+일+공휴일,9:00,18:00,0:00,0:00,0:00,0:00,20,4685,0,0,5,14,봉래1동주민센터,-,94.92,-,2023-03-22,3280000,-
당리작은도서관,도서관,부산광역시,사하구,작은도서관,부산광역시 사하구 승학로 20번길 25 (당리동),35.106151,128.9721747,051-201-5930,월+국가지정공휴일,10:00,20:00,10:00,18:00,0:00,0:00,55,11729,0,0,5,15,부산광역시 사하구청,-,224,www.saha.go.kr/portal/contents.do?mId=0607010000,2023-03-15,3340000,-
노을나루길작은도서관,도서관,부산광역시,사하구,작은도서관,부산광역시 사하구 하신번영로 377(하단동),35.11458776,128.9605208,051-220-5207,월+국가지정공휴일,10:00,18:00,10:00,18:00,0:00,0:00,60,17051,0,0,5,15,부산광역시 사하구 하단2동 주민센터,-,194,www.saha.go.kr/portal/contents.do?mId=0607010000,2023-03-15,3340000,-
푸른누리작은도서관,도서관,부산광역시,사하구,작은도서관,부산광역시 사하구 감천로83번길 26(감천동),35.089871,129.0014159,051-202-4466,월+국가지정공휴일,10:00,20:00,10:00,18:00,0:00,0:00,41,12718,0,0,5,15,부산광역시 사하구청,-,200,www.saha.go.kr/portal/contents.do?mId=0607010000,2023-03-15,3340000,-
까치마을작은도서관,도서관,부산광역시,사하구,작은도서관,부산광역시 사하구 까치고개로 50-10 (괴정동),35.10448346,129.0063449,051-202-0998,월+국가지정공휴일,10:00,20:00,10:00,18:00,0:00,0:00,32,9092,0,0,5,15,부산광역시 사하구청,-,271,www.saha.go.kr/portal/contents.do?mId=0607010000,2023-03-15,3340000,-
오작교작은도서관,도서관,부산광역시,사하구,작은도서관,부산광역시 사하구 낙동대로 171번길 30-5(괴정동),35.100341,128.9980938,051-220-5087,월+국가지정공휴일,10:00,18:00,10:00,18:00,0:00,0:00,77,15569,0,0,5,15,부산광역시 사하구 괴정3동 주민센터,-,190,www.saha.go.kr/portal/contents.do?mId=0607010000,2023-03-15,3340000,-
마하골길벗작은도서관,도서관,부산광역시,사하구,작은도서관,부산광역시 사하구 승학로 161번길 80(괴정동),35.105438,128.9849761,051-294-8850,월+국가지정공휴일,10:00,20:00,10:00,18:00,0:00,0:00,65,11247,0,0,5,15,부산광역시 사하구청,-,330,www.saha.go.kr/portal/contents.do?mId=0607010000,2023-03-15,3340000,-
다대도서관,도서관,부산광역시,사하구,공공도서관,부산광역시 사하구 다대낙조2길 9(다대동),35.05042791,128.9646713,051-220-5861,월+국가지정공휴일,9:00,22:00,9:00,18:00,0:00,0:00,598,147269,63,4121,5,15,부산광역시 사하구청,1657,3521,dadaelib.saha.go.kr,2023-03-15,3340000,-
회화나무작은도서관,도서관,부산광역시,사하구,작은도서관,부산광역시 사하구 사하로141번나길 11-1,35.093992,128.9916801,051-201-3096,월+국가지정공휴일,10:00,20:00,10:00,18:00,0:00,0:00,60,17319,0,0,5,15,부산광역시 사하구청,-,421,www.saha.go.kr/portal/contents.do?mId=0607010000,2023-03-15,3340000,-
장림 무지개 작은도서관,도서관,부산광역시,사하구,작은도서관,부산광역시 사하구 장림로161번길 14,35.08334505,128.9670461,051-265-0245,월+국가지정공휴일,10:00,20:00,10:00,18:00,0:00,0:00,29,12357,0,0,5,15,부산광역시 사하구청,-,374,www.saha.go.kr/portal/contents.do?mId=0607010000,2023-03-15,3340000,-
감천횃불작은도서관,도서관,부산광역시,사하구,작은도서관,부산광역시 사하구 감내1로175번길 50(감천동),35.09646768,129.0091984,051-203-0543,국가지정공휴일,10:00,18:00,10:00,18:00,0:00,0:00,20,12739,0,0,5,15,부산광역시 사하구청,-,193,www.saha.go.kr/portal/contents.do?mId=0607010000,2023-03-15,3340000,-
수풀작은도서관,도서관,부산광역시,사하구,작은도서관,부산광역시 사하구 다대로271번길 25,35.07780194,128.978671,051-265-4832,월+국가지정공휴일,10:00,20:00,10:00,18:00,0:00,0:00,71,9457,0,0,5,15,부산광역시 사하구청,-,236,www.saha.go.kr/portal/contents.do?mId=0607010000,2023-03-15,3340000,-
구평예들작은도서관,도서관,부산광역시,사하구,작은도서관,부산광역시 사하구 다대로271번길 26,35.07764621,128.9787155,051-261-5274,월+국가지정공휴일,10:00,20:00,10:00,18:00,0:00,0:00,51,11709,0,0,5,15,부산광역시 사하구청,-,250,www.saha.go.kr/portal/contents.do?mId=0607010000,2023-03-15,3340000,-
낫개작은도서관,도서관,부산광역시,사하구,작은도서관,부산광역시 사하구 다대로429번길 22(다대2동),35.06170897,128.9791944,051-266-0027,월+국가지정공휴일,10:00,20:00,10:00,18:00,0:00,0:00,74,10909,0,0,5,15,부산광역시 사하구청,-,197,www.saha.go.kr/portal/contents.do?mId=0607010000,2023-03-15,3340000,-
하단꿈길작은도서관,도서관,부산광역시,사하구,작은도서관,부산광역시 사하구 동매로66번길 6(하단1동),35.1025212,128.9652977,051-203-7798,월+국가지정공휴일,10:00,20:00,10:00,18:00,0:00,0:00,55,8402,0,0,5,15,부산광역시 사하구청,-,318,www.saha.go.kr/portal/contents.do?mId=0607010000,2023-03-15,3340000,-
두송작은도서관,도서관,부산광역시,사하구,작은도서관,부산광역시 사하구 다대로429번길 30(다대동),35.06355188,128.9820097,051-220-5386,국가지정공휴일,10:00,18:00,10:00,18:00,0:00,0:00,72,10820,0,0,5,15,부산광역시 사하구 다대2동 주민센터,-,342,www.saha.go.kr/portal/contents.do?mId=0607010000,2023-03-15,3340000,-
꿈꾸는작은도서관,도서관,부산광역시,사하구,작은도서관,부산광역시 사하구 하신중앙로 185(신평동),35.09496763,128.9615408,051-220-5285,토+일+국가지정공휴일,10:00,19:00,0:00,0:00,0:00,0:00,40,11553,0,0,5,15,부산광역시 사하구청,-,257,www.saha.go.kr/portal/contents.do?mId=0607010000,2023-03-15,3340000,-
동매누리작은도서관,도서관,부산광역시,사하구,작은도서관,부산광역시 사하구 다대로 130번길 112(신평동),35.093067,128.9759477,051-900-4060,월+국가지정공휴일,10:00,20:00,10:00,18:00,0:00,0:00,36,12000,0,0,5,15,부산광역시 사하구청,-,236,www.saha.go.kr/portal/contents.do?mId=0607010000,2023-03-15,3340000,-
학마을작은도서관,도서관,부산광역시,사상구,작은도서관,부산광역시 사상구 학감대로49번길 28-70(학장동),35.13865234,128.9897444,051-311-4017,매주일요일+공휴일,10:00,18:00,10:00,16:00,0:00,0:00,30,5434,0,0,2,14,학장종합사회복지관,-,90,-,2022-11-25,3390000,-
함께하는 작은도서관,도서관,부산광역시,사상구,작은도서관,"부산광역시 사상구 백양대로 887-26, 함께하는 교회",35.18574065,128.9895176,051-949-5476,매주토요일+매주일요일+공휴일,9:00,17:00,0:00,0:00,0:00,0:00,30,1750,0,0,0,0,최상구,-,165,-,2022-11-25,3390000,-
감전LH꿈꾸는 작은도서관,도서관,부산광역시,사상구,작은도서관,"부산광역시 사상구 백양대로 539, 감전LH아파트",35.15532163,128.99424,051-317-7739,매주토요일+매주일요일+공휴일,10:00,17:00,0:00,0:00,0:00,0:00,16,1600,0,0,5,14,이선돌,-,110,-,2022-11-25,3390000,-
햇살나무작은도서관,도서관,부산광역시,사상구,작은도서관,"부산광역시 사상구 모라로110번길 29, 3층",35.18525759,128.9926425,051-312-1391,매주토요일+매주일요일+공휴일,10:00,18:00,0:00,0:00,0:00,0:00,40,9573,2,0,3,14,부산여성회 김선희,-,99,-,2022-11-25,3390000,-
주례2동 작은도서관,도서관,부산광역시,사상구,작은도서관,"부산광역시 사상구 가야대로255번길 17, 주례1동 행정복지센터 3층",35.15134071,129.0010945,051-310-3155,매주토요일+매주일요일+공휴일,9:00,18:00,0:00,0:00,0:00,0:00,8,1905,0,0,5,14,주례1동 작은도서관 운영위원회,-,73,-,2022-11-25,3390000,-
연제도서관,도서관,부산광역시,연제구,공공도서관,부산광역시 연제구 황령산로 612(연산동),35.17414442,129.0829683,051-665-5511,"매주월요일, 국가지정공휴일",9:00,22:00,9:00,18:00,9:00,17:00,193,145260,65,2452,5,14,부산광역시 연제구청,1750.2,2016.98,www.yeonje.go.kr/library/main.do,2022-10-14,3370000,-
연산도서관,도서관,부산광역시,연제구,공공도서관,부산광역시 연제구 고분로191번길 16,35.185874,129.1043222,051-792-5400,"매주 셋째, 넷째 월요일, 국가지정공휴일",9:00,22:00,9:00,18:00,9:00,17:00,330,151452,97,9705,5,14,부산광역시 교육청,1527,1370,https://home.pen.go.kr/yeonsanlib/main.do,2022-10-14,3370000,-
배산작은도서관,도서관,부산광역시,연제구,작은도서관,부산광역시 연제구 배산북로8(연산동),35.17509425,129.0933137,051-665-4508,"매주월요일, 국가지정공휴일",10:00,20:00,10:00,18:00,10:00,14:00,35,16618,36,182,5,14,부산광역시 연제구청,-,194.98,-,2022-10-14,3370000,-
솔벗작은도서관,도서관,부산광역시,연제구,작은도서관,부산광역시 연제구 아시아드대로22번길15(거제동),35.18764403,129.0701317,051-665-4511,"매주일요일, 국가지정공휴일",10:00,19:00,10:00,14:00,10:00,14:00,20,10414,25,0,5,14,부산광역시 연제구청,-,138.32,-,2022-10-14,3370000,-
밤골작은도서관,도서관,부산광역시,연제구,작은도서관,부산광역시 연제구 금련로 24번길33(연산동),35.1720557,129.0944725,051-665-4513,"매주월요일, 국가지정공휴일",10:00,20:00,10:00,18:00,10:00,14:00,33,11110,2,0,5,14,부산광역시 연제구청,-,138.64,-,2022-10-14,3370000,-
해뜰작은도서관,도서관,부산광역시,연제구,작은도서관,부산광역시 연제구 중앙대로 1150번길15(연산동),35.19056266,129.0815476,051-665-4512,"매주일요일, 국가지정공휴일",10:00,19:00,10:00,14:00,0:00,0:00,33,18554,2,307,5,14,부산광역시 연제구청,-,126,-,2022-10-14,3370000,-
해맞이작은도서관,도서관,부산광역시,연제구,작은도서관,부산광역시 연제구 해맞이로 43번길 36,35.17937101,129.066573,051-665-4518,"매주일요일, 국가지정공휴일",10:00,19:00,10:00,14:00,10:00,14:00,28,9144,34,0,5,14,부산광역시 연제구청,-,143.55,-,2022-10-14,3370000,-
